{
  "dataset": "NASA IMS Bearings Run 1",
  "channel": "bearing3_rms",
  "nominal_rms": 0.1798947463314156,
  "healthy_std": 0.001332385875511465,
  "envelope_radius_3sigma": 0.003997157626534395,
  "threshold_3sigma": 0.003997157626534395,
  "ground_truth_failure_onset_step": 60,
  "ground_truth_failure_onset_hour": 27.597,
  "threshold_baseline": {
    "detection_step": 27,
    "detection_hour": 15.166666666666666
  },
  "dsfb_structural": {
    "detection_step": 28,
    "detection_hour": 15.333333333333334,
    "drift_window": 5,
    "drift_alpha": 0.0015,
    "envelope_fraction": 0.5
  }
}