{
  "dataset": "panda_gaz",
  "n_replicates_per_block_length": 500,
  "block_lengths": [
    4,
    8,
    16,
    32
  ],
  "rng_seed": 20260425,
  "point_estimate": {
    "total_samples": 20544,
    "admissible": 18489,
    "boundary": 1882,
    "violation": 173,
    "compression_ratio": 0.10002920560747663,
    "max_residual_norm_sq": 3510.4484291194285
  },
  "ci_per_block_length": {
    "4": {
      "boundary": {
        "mean": 1771.488,
        "stddev": 119.50961028260363,
        "ci_lo_2_5": 1536.475,
        "ci_hi_97_5": 2006.05,
        "ci_half_width": 234.78750000000002
      },
      "violation": {
        "mean": 133.826,
        "stddev": 28.267752929998217,
        "ci_lo_2_5": 83.95,
        "ci_hi_97_5": 196.57499999999993,
        "ci_half_width": 56.312499999999964
      },
      "compression_ratio": {
        "mean": 0.09274308800623052,
        "stddev": 0.006511748828744263,
        "ci_lo_2_5": 0.08023632204049844,
        "ci_hi_97_5": 0.1048761195482866,
        "ci_half_width": 0.012319898753894082
      }
    },
    "8": {
      "boundary": {
        "mean": 1890.27,
        "stddev": 137.54473529879954,
        "ci_lo_2_5": 1639.95,
        "ci_hi_97_5": 2161.1499999999996,
        "ci_half_width": 260.5999999999998
      },
      "violation": {
        "mean": 161.68,
        "stddev": 33.09495659922535,
        "ci_lo_2_5": 100.475,
        "ci_hi_97_5": 225.52499999999998,
        "ci_half_width": 62.52499999999999
      },
      "compression_ratio": {
        "mean": 0.0998807437694704,
        "stddev": 0.007667969087296767,
        "ci_lo_2_5": 0.08537529205607476,
        "ci_hi_97_5": 0.11443730529595016,
        "ci_half_width": 0.014531006619937697
      }
    },
    "16": {
      "boundary": {
        "mean": 1933.236,
        "stddev": 169.27264030998936,
        "ci_lo_2_5": 1617.325,
        "ci_hi_97_5": 2255.575,
        "ci_half_width": 319.1249999999999
      },
      "violation": {
        "mean": 176.3,
        "stddev": 43.55152662010694,
        "ci_lo_2_5": 105.0,
        "ci_hi_97_5": 271.04999999999995,
        "ci_half_width": 83.02499999999998
      },
      "compression_ratio": {
        "mean": 0.10268380062305298,
        "stddev": 0.009744976282747774,
        "ci_lo_2_5": 0.08412066783489097,
        "ci_hi_97_5": 0.12164378894080997,
        "ci_half_width": 0.0187615605529595
      }
    },
    "32": {
      "boundary": {
        "mean": 1955.74,
        "stddev": 224.60338769379024,
        "ci_lo_2_5": 1567.95,
        "ci_hi_97_5": 2414.2,
        "ci_half_width": 423.1249999999999
      },
      "violation": {
        "mean": 189.82,
        "stddev": 60.943250319613234,
        "ci_lo_2_5": 94.95,
        "ci_hi_97_5": 318.04999999999995,
        "ci_half_width": 111.54999999999998
      },
      "compression_ratio": {
        "mean": 0.10443730529595015,
        "stddev": 0.013282055641568568,
        "ci_lo_2_5": 0.08167591510903427,
        "ci_hi_97_5": 0.1315907320872274,
        "ci_half_width": 0.02495740848909657
      }
    }
  }
}
